question,answer
What is Vodafone?,"Vodafone is a global telecommunications company providing mobile, internet, and digital services to millions of customers worldwide."
How can I contact Vodafone customer service?,You can contact Vodafone customer service by calling 888 from your Vodafone line or 16888 from any other network.
What are Vodafone prepaid plans?,"Vodafone prepaid plans allow customers to pay in advance for talk time, data, and SMS with flexible top-up options."
What are Vodafone postpaid plans?,"Vodafone postpaid plans provide monthly billing with packages that include calls, SMS, and data based on your subscription."
How can I check my Vodafone balance?,You can check your balance by dialing *868*1# or using the My Vodafone app.
How do I recharge my Vodafone line?,"You can recharge using a scratch card, via the My Vodafone app, through online banking, or by dialing *858*RechargeCode#."
How do I activate a Vodafone data bundle?,Dial *2000# or use the My Vodafone app to select and activate a data bundle that suits your usage.
What is the My Vodafone app?,"The My Vodafone app allows you to manage your account, check balance, recharge, and monitor usage easily."
Where can I download the My Vodafone app?,You can download the My Vodafone app from Google Play Store or Apple App Store.
How can I check my remaining data balance?,Dial *2000*5# or open the My Vodafone app to check your remaining data balance.
How do I transfer balance to another Vodafone number?,Dial *868*2*RecipientNumber*Amount# to transfer balance to another Vodafone user.
Can I transfer internet bundles to another Vodafone user?,"Yes, you can share data with other Vodafone users via the My Vodafone app or by dialing *2000#."
How do I subscribe to Vodafone Flex plans?,"Dial *020# to explore and subscribe to Vodafone Flex plans for calls, SMS, and data."
What are Vodafone Flexes?,"Flexes are Vodafone's all-in-one units that can be used for calls, SMS, or internet based on your preference."
How can I check my Flex balance?,Dial *60# to check your remaining Flexes.
What is Vodafone Cash?,"Vodafone Cash is a mobile wallet service that allows you to send, receive, and withdraw money easily through your phone."
How do I register for Vodafone Cash?,Visit the nearest Vodafone store with your national ID to register for Vodafone Cash.
How can I send money using Vodafone Cash?,Dial *9*7*RecipientNumber*Amount# or use the My Vodafone app to send money instantly.
How do I withdraw cash from Vodafone Cash?,"Visit any Vodafone Cash outlet or ATM that supports Vodafone Cash, then use *9# to withdraw funds."
What is the daily limit for Vodafone Cash transactions?,"The daily limit for Vodafone Cash transactions depends on your account type, usually around 30,000 EGP per day."
Can I pay my bills using Vodafone Cash?,"Yes, you can pay utility bills, recharge lines, and make online payments using Vodafone Cash."
How can I check my Vodafone Cash balance?,Dial *9*13# or check the My Vodafone app to view your wallet balance.
How can I deactivate a service or offer?,You can deactivate any subscribed service by dialing *2020# or via the My Vodafone app.
What is Vodafone Red?,"Vodafone Red is a premium postpaid plan that offers unlimited calls, data bundles, and exclusive benefits."
How can I subscribe to Vodafone Red?,Visit the nearest Vodafone store or call customer service to subscribe to Vodafone Red plans.
What is Vodafone DSL?,Vodafone DSL is Vodafone's home internet service that provides high-speed ADSL and fiber internet connections.
How can I subscribe to Vodafone DSL?,"You can apply for Vodafone DSL online, through the My Vodafone app, or at any Vodafone store."
How do I check my Vodafone DSL usage?,Log in to your Vodafone DSL account or use the My Vodafone app to track your internet usage.
What should I do if my Vodafone DSL is not working?,"Restart your router and check your connections. If the issue persists, contact Vodafone customer support."
What are Vodafone roaming services?,Vodafone roaming allows you to use your phone abroad with your existing number and plan.
How can I activate roaming before traveling?,Dial *888*5# or use the My Vodafone app to activate roaming before you travel.
How can I check roaming rates?,You can view roaming rates by visiting Vodafone’s official website or dialing *888*5#.
How can I deactivate roaming?,Dial *888*5# or use the My Vodafone app to turn off roaming services.
What is Vodafone International Calling?,Vodafone International Calling allows you to make affordable calls to international destinations.
How can I activate an international calling bundle?,Dial *010# or use the My Vodafone app to choose and activate an international calling bundle.
How can I check my Vodafone points?,You can check your Vodafone points through the My Vodafone app or by dialing *818#.
What are Vodafone points used for?,"Vodafone points can be redeemed for free minutes, data bundles, or discounts at partner stores."
How can I change my Vodafone number?,You can request a number change by visiting any Vodafone store with valid identification.
How do I replace my lost or damaged SIM card?,Visit a Vodafone branch with your ID to get a replacement SIM for your number.
Can I keep my number when switching to Vodafone?,"Yes, you can keep your existing number by requesting number portability during registration."
What is Vodafone Family Plan?,"Vodafone Family Plan allows you to share data, calls, and benefits with family members on one account."
How can I join the Vodafone Family Plan?,Contact customer service or use the My Vodafone app to add members to your Family Plan.
How can I check my Vodafone bill?,You can check your bill by dialing *858# or viewing it in the My Vodafone app.
How can I pay my Vodafone bill?,"Pay your bill online, through the My Vodafone app, at Vodafone stores, or using Vodafone Cash."
What happens if I don’t pay my Vodafone bill on time?,Late payment may result in temporary service suspension until the outstanding balance is cleared.
How can I upgrade my Vodafone plan?,Dial *880# or use the My Vodafone app to upgrade or change your plan anytime.
What is Vodafone Business?,Vodafone Business offers communication and connectivity solutions for companies of all sizes.
How can businesses contact Vodafone?,Corporate customers can contact Vodafone Business support at 16247 or via the Vodafone Business website.
What is 4G?,"4G is the fourth generation of mobile network technology, offering faster data speeds for browsing, streaming, and downloads."
How do I activate 4G on my Vodafone SIM?,"Ensure your SIM and phone support 4G, then dial *4# to activate it."
What is 5G?,5G is the fifth-generation network technology that offers ultra-fast internet speeds and low latency.
Is Vodafone 5G available in Egypt?,Vodafone Egypt is currently testing and gradually rolling out 5G in selected areas.
How can I check Vodafone network coverage?,You can view Vodafone’s coverage map on the official Vodafone Egypt website.
How do I block unwanted numbers?,Dial *505# or use the My Vodafone app to block unwanted callers or messages.
How can I check my number?,Dial *878# to display your Vodafone number on screen.
How do I activate voicemail?,Dial 808 to activate voicemail and follow the voice instructions.
How do I deactivate voicemail?,Dial ##002# to deactivate voicemail on your line.
Can I use my Vodafone SIM abroad?,"Yes, if roaming is activated, you can use your Vodafone SIM internationally."
What is Vodafone’s customer care email?,You can contact Vodafone Egypt via customer.care@vodafone.com.eg for support or inquiries.
Where is the nearest Vodafone store?,You can find the nearest Vodafone store using the store locator in the My Vodafone app or on the website.
How can I report network issues?,Dial *888# or report the issue via the My Vodafone app under the 'Support' section.
What should I do if I forget my Vodafone account password?,Use the 'Forgot Password' option on the My Vodafone app or website to reset your password.
How can I update my personal details?,You can update your personal details in the My Vodafone app or by visiting a Vodafone branch.
What are Vodafone’s working hours?,"Most Vodafone stores are open daily from 9:00 AM to 10:00 PM, depending on the location."
Can I cancel my Vodafone subscription?,"Yes, you can cancel your plan by calling customer care or visiting a Vodafone branch."
What are Vodafone loyalty rewards?,"Vodafone offers rewards to loyal customers, including bonus Flexes, data, or discounts on renewals."
Does Vodafone offer student plans?,"Yes, Vodafone offers discounted student plans with affordable internet and call bundles."
Does Vodafone have home internet packages?,"Yes, Vodafone offers ADSL and fiber internet packages for homes with various speed options."
Can I move my Vodafone DSL to a new address?,"Yes, you can request a DSL relocation through customer care or a Vodafone store."
